Title,puplished_date,views,likes,favorites,month,year
Bazen aralara doÄŸal dokunuÅŸ ğŸ˜³ğŸ’ˆ,2025-01-01T14:58:18Z,7838,156,0,Jan,25
Bazen ders niteliÄŸinde ğŸ˜³ğŸ’ˆ,2024-12-30T16:36:14Z,3878,153,0,Dec,24
Bazen aralara ğŸ˜³ğŸ’ˆ,2024-12-27T14:38:07Z,7160,148,0,Dec,24
SICACIK SOHBET EÅLÄ°ÄÄ°NDE EVSÄ°Z ADAMA YEPYENÄ° BÄ°R GÃ–RÃœNÃœM!!?,2024-12-26T08:51:44Z,5276,161,0,Dec,24
Bazen saÃ§ herÅŸeyi deÄŸiÅŸtirir ğŸ˜³ğŸ’ˆ #barberstown #teambarberstown #barberstowntv,2024-12-24T14:35:49Z,14919,330,0,Dec,24
Bazen kaymak gibi ğŸ˜³ğŸ’ˆ #barberstown  #teambarberstown #barberstowntv,2024-12-20T15:21:10Z,5740,195,0,Dec,24
Bazen ÅŸaÅŸÄ±rÄ±rsÄ±n ğŸ˜³ğŸ’ˆ #barberstown #teambarberstown #barberstowntv,2024-12-19T14:50:57Z,15082,215,0,Dec,24
Bazen gÃ¼ncellersin ğŸ˜³ğŸ’ˆ #barberstown,2024-12-16T15:31:37Z,5443,210,0,Dec,24
DÃœNYAYI Ã‡ILDIRTAN ÃœNLÃœ TIRAÅ!!?,2024-12-16T10:59:52Z,4707,186,0,Dec,24
Bazen Ã§Ä±ldÄ±rmamak elde deÄŸil ğŸ˜³ğŸ’ˆ,2024-12-13T16:46:35Z,19375,258,0,Dec,24
Bazen kaldÄ±rmak zorunda kalÄ±rsÄ±n ğŸ˜³ğŸ’ˆ,2024-12-11T15:45:33Z,81849,1175,0,Dec,24
Bazen gÃ¶zler anlatÄ±r ğŸ˜³ğŸ’ˆ,2024-12-10T15:21:34Z,8314,283,0,Dec,24
Bazen pozisyon Ã¶nemli ğŸ˜³ğŸ’ˆ,2024-12-05T15:27:16Z,11703,278,0,Dec,24
Bazen zorunda bÄ±rakÄ±rsÄ±n ğŸ˜³ğŸ’ˆ,2024-12-03T17:32:03Z,6548,241,0,Dec,24
Bazen yakalanÄ±rsÄ±n ğŸ˜³ğŸ’ˆ,2024-11-30T18:51:00Z,7304,179,0,Nov,24
BU GÃ–RÃœNTÃœDEN BU HALE NASIL GELDÄ°? GÃ–ZLERÄ°NÄ°ZE Ä°NANAMICAKSINIZ!!,2024-11-22T14:36:59Z,12242,329,0,Nov,24
Bazen sÄ±kÄ±ÅŸÄ±rsÄ±n ğŸ˜³ğŸ’ˆ,2024-11-18T19:49:20Z,5573,169,0,Nov,24
Bazen yanlÄ±ÅŸ oturursun vol2 ğŸ˜³ğŸ’ˆ,2024-11-17T11:55:42Z,14191,384,0,Nov,24
"BOYACI GÄ°BÄ° OTURDU, OYUNCU GÄ°BÄ° KALKTI!! ÅÄ°MDÄ° NETFLÄ°X DÃœÅÃœNSÃœN !?",2024-11-16T11:00:53Z,12033,335,0,Nov,24
Bazen tekrar yaparsÄ±n,2024-11-10T08:58:41Z,60818347,724728,0,Nov,24
Bazen tazelersin @Marulkafaa ğŸ¤© #marulkafa #teambarberstown #barberstowntv #barberstown,2024-11-07T13:29:16Z,17241,594,0,Nov,24
BU ADAMIN HAYATINI DEÄÄ°ÅTÄ°REN SAÃ‡ VE SAKAL KESÄ°MÄ°! Ä°NANILMAZ Ã–NCESÄ° VE SONRASI,2024-11-06T16:09:02Z,12347,329,0,Nov,24
Bazen kendini gÃ¶rÃ¼rsÃ¼nğŸ˜³ğŸ’ˆ,2024-11-02T14:32:20Z,13338,602,0,Nov,24
Bazen saÃ§lar anlatÄ±rğŸ˜³ğŸ’ˆ,2024-10-19T16:40:02Z,18478,545,0,Oct,24
Bazen soluk bir geÃ§iÅŸ ğŸ˜³ğŸ’ˆ,2024-10-17T11:03:51Z,24788,744,0,Oct,24
Ã‡ATIDA YAÅAYAN ADAMI ZÄ°YARET AKILLARA ZARAR BÄ°R DEÄÄ°ÅÄ°M!!?,2024-10-09T15:01:03Z,8872,304,0,Oct,24
Bazen yanlarÄ± al Ã¼stler daÄŸÄ±nÄ±k kalsÄ±nğŸ˜³ğŸ’ˆ,2024-10-07T20:32:38Z,12202,377,0,Oct,24
Bazen her saÃ§ modeli yakÄ±ÅŸÄ±r ğŸ˜³ğŸ’ˆ,2024-10-02T15:30:50Z,17156,550,0,Oct,24
Bazen 3 tÄ±raÅŸ yersinğŸ˜³ğŸ’ˆ,2024-09-17T17:14:43Z,11778,302,0,Sep,24
50 YAÅINA UYGUN SAÃ‡ SAKAL MODELÄ° (Hair and Beard Styles Suitable for Age 50),2024-08-27T16:16:37Z,8918,248,0,Aug,24
SAÃ‡ BÄ°R ERKEÄÄ°N ELBÄ°SESÄ° OLDUÄUNU GÃ–STEREN BÄ°R DEÄÄ°ÅÄ°M!!?,2024-07-18T14:43:28Z,7633,203,0,Jul,24
Bazen kremin etkisini anlayamazsÄ±nğŸ˜³ğŸ’ˆ,2024-07-11T16:07:05Z,20357,450,0,Jul,24
Bazen hÄ±zlÄ± Ã§Ã¶zÃ¼m bulursunğŸ˜³ğŸ’ˆ,2024-06-19T15:06:56Z,24861,685,0,Jun,24
Bazen Ã¶zgÃ¼ven patlamasÄ± yaÅŸarsÄ±n ğŸ˜³ğŸ’ˆ,2024-06-13T14:54:29Z,28456,901,0,Jun,24
Bazen durduramazsÄ±n ğŸ˜³ğŸ’ˆ,2024-06-09T15:08:55Z,27500,659,0,Jun,24
Bazen boÅŸluÄŸuna gelirğŸ˜³ğŸ’ˆ,2024-06-08T14:06:14Z,90553,1284,0,Jun,24
Bazen olmamasÄ± gereken olurğŸ˜³ğŸ’ˆ,2024-06-07T15:01:15Z,36727,673,0,Jun,24
Bazen istersin ğŸ˜³ğŸ’ˆ,2024-06-06T16:44:23Z,28635,524,0,Jun,24
Bazen baÄŸÄ±rÄ±rsÄ±nğŸ˜³ğŸ’ˆ,2024-06-03T18:26:41Z,23948,519,0,Jun,24
Bazen yanlÄ±ÅŸ pozisyonğŸ˜³ğŸ’ˆ,2024-06-02T20:03:15Z,90293,1369,0,Jun,24
Bazen kÃ¼l olursunğŸ˜³ğŸ’ˆ,2024-05-29T14:46:48Z,21490,516,0,May,24
Bazen hiÃ§ deÄŸiÅŸmezsinğŸ˜³ğŸ’ˆ,2024-05-25T17:11:44Z,11595,341,0,May,24
Bazen saÃ§larÄ±n senden vazgeÃ§er ğŸ˜³ğŸ’ˆ,2024-05-23T19:12:00Z,24962,733,0,May,24
Bazen yakarsÄ±n ğŸ˜³ğŸ’ˆ,2024-05-21T18:38:06Z,34495,532,0,May,24
Bazen usturanÄ±n sessizliÄŸi ğŸ˜³ğŸ’ˆ,2024-05-20T16:56:27Z,18511,466,0,May,24
Bazen Ä±slanÄ±rsÄ±n ğŸ˜³ğŸ’ˆ,2024-05-15T16:00:11Z,26791,483,0,May,24
15 YAÅINDAKÄ° Ã‡OCUÄUN YAPTIÄI MUHTEÅEM DEÄÄ°ÅÄ°M!!?,2024-05-10T15:00:09Z,20034,418,0,May,24
Bazen kaÅŸÄ±n yarÄ±sÄ± gider ğŸ˜³ğŸ’ˆ,2024-05-04T16:08:59Z,60709,571,0,May,24
Bazen parlatÄ±rsÄ±n ğŸ˜³ğŸ’ˆ,2024-05-03T18:31:39Z,27185,900,0,May,24
Bazen istemsiz eÅŸlik edersinğŸ˜³ğŸ’ˆ,2024-05-02T15:28:15Z,27981,576,0,May,24
Bazen yeni starlar Ã§Ä±kartÄ±rsÄ±n ortayağŸ˜³ğŸ’ˆ,2024-05-01T11:40:19Z,17551,529,0,May,24
Bazen eve erken gÃ¶nderirsin ğŸ˜³ğŸ’ˆ,2024-04-06T15:13:33Z,16243,529,0,Apr,24
Bazen beklediÄŸim performans ğŸ˜³ğŸ’ˆ,2024-03-30T18:02:40Z,32444,663,0,Mar,24
Bazen golden time ğŸ˜³ğŸ’ˆ,2024-03-28T14:46:09Z,15426,479,0,Mar,24
Bazen saÃ§ sakal tÄ±raÅŸ hizmeti alÄ±rsÄ±nğŸ˜³ğŸ’ˆ,2024-03-18T16:55:50Z,15730,455,0,Mar,24
Bazen benzetirsin ğŸ˜³ğŸ’ˆ,2024-03-07T15:03:36Z,23523,706,0,Mar,24
Bazen bir tebessÃ¼m yeterğŸ˜³ğŸ’ˆ,2024-02-29T10:25:20Z,17012,833,0,Feb,24
EN DEÄERLÄ° VE EN GÃœZEL TIRAÅ!!? (YÃœZÃœNDEKÄ° GÃœLÃœMSEME YETER) / THE MOST SPECÄ°AL HAÄ°R CUT,2024-02-16T14:00:40Z,17082,511,0,Feb,24
Bazen yamuk makasla dÃ¼z kesersinğŸ˜³ğŸ’ˆ,2024-02-12T15:59:01Z,26629,792,0,Feb,24
YAMUK MAKASLA DÃœZ SAÃ‡ NASIL KESÄ°LÄ°R!!? HOW TO CUT WITH BROKEN SCISSORS ASMR BARBERğŸ’ˆ,2024-02-10T15:08:58Z,11214,252,0,Feb,24
Bazen yaÅŸa deÄŸil baÅŸa bakarsÄ±nğŸ˜³ğŸ’ˆ,2024-02-06T14:36:31Z,26581,842,0,Feb,24
Bazen Ã§ay istersin ğŸ˜³ğŸ’ˆ,2024-01-26T15:42:43Z,33244,704,0,Jan,24
Bazen uyursunğŸ˜³ğŸ’ˆ,2024-01-17T14:31:34Z,30611,558,0,Jan,24
OYUN OYNAMAKTAN SAÃ‡INA BAÅINA DÄ°KKAT ETMEYEN Ã‡OCUÄUN DEÄÄ°ÅÄ°MÄ°!!?,2024-01-14T11:00:32Z,15883,379,0,Jan,24
Bazen ansÄ±zÄ±n gelirğŸ˜³ğŸ’ˆ,2024-01-12T19:02:01Z,30971,688,0,Jan,24
Bazen gÃ¶zÃ¼nde canlanÄ±r ğŸ˜³ğŸ’ˆ @Marulkafaa ğŸ¤©,2024-01-09T16:04:46Z,105626,1632,0,Jan,24
Bazen usturanÄ±n ciddiyetiğŸ˜³ğŸ’ˆ,2024-01-02T15:01:14Z,29602,778,0,Jan,24
Bazen dayanamazsÄ±n ğŸ˜³ğŸ’ˆ,2023-12-26T17:36:28Z,35013,629,0,Dec,23
ASMRğŸ’ˆ 2024 ÃœN EN TREND EN KOLAY SAÃ‡ MODELÄ° MULLET,2023-12-24T14:00:43Z,18655,413,0,Dec,23
Bazen vazgeÃ§emezsin ğŸ˜³ğŸ’ˆ,2023-12-21T12:01:12Z,18019,541,0,Dec,23
Bazen dÃ¼ÅŸÃ¼rÃ¼rsÃ¼n ğŸ˜³ğŸ’ˆ,2023-12-16T15:23:44Z,46971,844,0,Dec,23
Bazen Ã§Ä±kamazsÄ±n ğŸ˜³ğŸ’ˆ,2023-12-06T14:59:54Z,59245,1215,0,Dec,23
Bazen oturmayÄ± Ã¶ÄŸrenirsin ğŸ˜³ğŸ’ˆ,2023-12-01T14:37:12Z,57866550,537509,0,Dec,23
Bazen alev atarsÄ±nğŸ˜³ğŸ’ˆ,2023-11-26T17:24:48Z,76464,1160,0,Nov,23
Bazen mÃ¼ÅŸterinin istediÄŸi olurğŸ˜³ğŸ’ˆ,2023-11-20T17:48:24Z,71419,1553,0,Nov,23
BU DEÄÄ°ÅÄ°M SAYESÄ°NDE KAYBETTÄ°ÄÄ° GENÃ‡LÄ°ÄÄ°NÄ° GERÄ° KAZANDI!!? & HE GAIN AGAIN HIS YOUTH THAT HE LOST,2023-11-17T15:00:37Z,806958,6680,0,Nov,23
Bazen Ã§aÄŸ atlarsÄ±nğŸ˜³ğŸ’ˆ,2023-10-30T20:12:11Z,60548,1773,0,Oct,23
Bazen kaymak gibi kesersinğŸ˜³ğŸ’ˆ,2023-10-26T16:13:08Z,71939,2041,0,Oct,23
Bazen sende manikÃ¼r yaptÄ±rÄ±rsÄ±n ğŸ˜³ğŸ’ˆ,2023-10-23T16:15:31Z,39987,1190,0,Oct,23
Bazen olamazsÄ±n ğŸ˜³ğŸ’ˆ,2023-10-16T15:06:12Z,178658,3539,0,Oct,23
Bazen gÃ¶stermeden duramazsÄ±n ğŸ˜³ğŸ’ˆ,2023-10-10T14:36:10Z,83073,1459,0,Oct,23
DEPRESYONA GÄ°RMÄ°Å ADAM SAÃ‡ MODELÄ°!!?,2023-10-07T14:13:27Z,19119,334,0,Oct,23
Bazen uÃ§larÄ±ndan aldÄ±rmak istersin ğŸ˜³ğŸ’ˆ,2023-09-29T15:32:05Z,66504,1577,0,Sep,23
Bazen kim kesti bu saÃ§Ä± ğŸ˜³ğŸ’ˆ,2023-09-14T17:48:44Z,102991,2433,0,Sep,23
Bazen kazÄ±dÄ±k makaslarla ğŸ˜³ğŸ’ˆ @YouTube ğŸ¤© 1m ğŸ™ğŸ»,2023-09-11T18:10:17Z,97361,2876,0,Sep,23
Bazen saÃ§larla konuÅŸursun ğŸ˜³ğŸ’ˆ,2023-08-23T14:06:57Z,92749,2197,0,Aug,23
Bazen maksimum doÄŸum gÃ¼nÃ¼ sÃ¼prizi ğŸ˜³ğŸ¥³ğŸ’ˆ en gÃ¼zel hediye @YouTube  1m plaketi ğŸ¤© teÅŸekkÃ¼rlerğŸ«¶ğŸ»,2023-08-21T17:39:17Z,117418264,879266,0,Aug,23
Bazen eski haline dÃ¶nmek istemezsin ğŸ˜³ğŸ’ˆ,2023-08-17T18:38:38Z,159582,4169,0,Aug,23
Bazen uyarman gerek ğŸ˜³ğŸ’ˆ,2023-08-16T16:09:55Z,71508,2705,0,Aug,23
Bazen yanlÄ±ÅŸ baÄŸlarsÄ±n ğŸ˜³ğŸ’ˆ,2023-08-14T16:07:41Z,25432478,314859,0,Aug,23
POPÃ‡U BERKAY GÄ°BÄ° GELDÄ° TOPÃ‡U BERKAY GÄ°BÄ° GÄ°TTÄ°!!?,2023-08-09T17:00:23Z,21535,467,0,Aug,23
Bazen model renk aynÄ±sÄ±nÄ± istersin ğŸ˜³ğŸ’ˆ,2023-08-04T17:22:12Z,144122,3748,0,Aug,23
Bazen aradÄ±ÄŸÄ±nÄ± bulursun ğŸ˜³ğŸ’ˆ,2023-08-03T18:55:41Z,74184,2053,0,Aug,23
Bazen #antalyaspor ğŸ¤©,2023-08-01T18:15:37Z,57418,1625,0,Aug,23
Bazen denemeye deÄŸerğŸ˜³ğŸ’ˆ,2023-07-30T15:59:40Z,96922,3192,0,Jul,23
Bazen Ã¶zel damat tÄ±raÅŸÄ± ğŸ˜³ğŸ’ˆ,2023-07-14T15:13:04Z,93004,2881,0,Jul,23
Bazen 1m plaketini beklersin ğŸ˜³ğŸ’ˆ,2023-07-05T14:21:27Z,50868,1798,0,Jul,23
Bazen yanan sen olursun ğŸ˜³ğŸ’ˆ,2023-07-04T15:26:56Z,92093,1671,0,Jul,23
Bazen bunlar var ğŸ˜³ğŸ’ˆ,2023-06-29T09:04:46Z,98148,2535,0,Jun,23
Bazen 3 e vurmak zorunda kalÄ±rsÄ±n ğŸ˜³ğŸ’ˆ,2023-06-27T18:34:40Z,132192,2943,0,Jun,23
Bazen keser bakarsÄ±n ğŸ˜³ğŸ’ˆ,2023-06-23T17:20:53Z,72991,2006,0,Jun,23
BUNA GERÃ‡EKTEN Ä°HTÄ°YACI VARMIÅ! RESMEN EVRÄ°M GEÃ‡Ä°RDÄ°!ğŸ˜¯ | ASMR BARBER,2023-06-19T16:20:32Z,258351,2476,0,Jun,23
Bazen aÃ§maman gerekir ğŸ˜³ğŸ’ˆ,2023-06-17T18:27:07Z,85974,1848,0,Jun,23
Bazen benzeteceÄŸin kiÅŸi bellidir ğŸ˜³ğŸ’ˆ,2023-06-13T15:08:37Z,564123,14124,0,Jun,23
Bazen yanlÄ±ÅŸ yÄ±katÄ±rsÄ±n ğŸ˜³ğŸ’ˆ,2023-06-03T17:47:23Z,16361513,238458,0,Jun,23
Bazen beÄŸenmek zorundasÄ±ndÄ±r ğŸ˜³ğŸ’ˆ,2023-06-02T14:43:47Z,138967,5390,0,Jun,23
Bazen emeÄŸinin karÅŸÄ±lÄ±ÄŸÄ±nÄ± alÄ±rsÄ±n ğŸ˜³ğŸ’ˆ,2023-05-29T16:25:34Z,134148,4786,0,May,23
Bazen yanlÄ±ÅŸ oturursun ğŸ˜³ğŸ’ˆ,2023-05-22T22:24:43Z,507570338,6850735,0,May,23
Bazen duruÅŸ Ã¶nemli ğŸ˜³ğŸ’ˆ,2023-05-18T16:54:52Z,639250,10561,0,May,23
Bazen rahatlarsÄ±n ğŸ˜³ğŸ’ˆ,2023-05-17T13:56:31Z,144865,5296,0,May,23
Bazen yargÄ±lamadan Ã¶nce dÃ¼ÅŸÃ¼n ğŸ˜³ğŸ’ˆ,2023-05-15T17:38:54Z,3443380,65060,0,May,23
SAÃ‡ DÃ–KÃœLMELERÄ°NE KARÅI SAÃ‡LARINI KAZITTI!!? /ASMR BARBER/,2023-05-13T19:37:37Z,42717,655,0,May,23
Bazen hayal edersin ğŸ˜³ğŸ’ˆ,2023-05-11T14:45:13Z,103600,2477,0,May,23
Bazen zamanÄ±n nasÄ±l geÃ§tiÄŸini anlamazsÄ±n ğŸ˜³ğŸ’ˆ,2023-05-03T18:29:48Z,105454,3120,0,May,23
Bazen bir araya getirirsin ğŸ˜³ğŸ’ˆ,2023-05-02T23:17:13Z,86589,2834,0,May,23
DÃœÄÃœN Ä°Ã‡Ä°N 7 YILLIK SAÃ‡LARINA VEDA ETTÄ°!!? & HE HAS CUT HÄ°M 7 YEARS HAÄ°R BECAUSE OF WEDDÄ°NG,2023-04-24T20:00:38Z,67653,1158,0,Apr,23
Bazen aklÄ±na o gelir ğŸ˜³ğŸ’ˆ,2023-04-12T21:33:27Z,103659,2465,0,Apr,23
Bazen yÄ±karlar ğŸ˜³ğŸ’ˆ,2023-03-24T18:18:31Z,126960,2708,0,Mar,23
DÃœZ VE UZUN SAÃ‡LARI KESÄ°NCE ORTAYA BONUS Ã‡IKTI!!?,2023-03-18T09:00:22Z,26518,600,0,Mar,23
AYNAYA BAKMAYA BAKMAYA KORKAR HALDEYDÄ°!!?,2023-03-12T09:00:19Z,32646,755,0,Mar,23
Bazen 6 yÄ±llÄ±k saÃ§larÄ± icardi modeline feda etti ğŸ˜³ğŸ’ˆ,2023-03-07T19:57:43Z,109520,2524,0,Mar,23
SOKAKTA YAÅAYAN ADAM ÅÄ°MDÄ° HOLLYWOOD'A ADIM ATIYOR!!?,2023-03-02T15:30:09Z,936214,11921,0,Mar,23
Bazen ğŸ”¥ğŸ‘‚,2023-02-27T17:03:00Z,130341,2803,0,Feb,23
Bazen ğŸ‘ğŸ»ğŸ˜³ğŸ’ˆ,2023-02-22T15:30:31Z,185071,8137,0,Feb,23
MAKASLA SAKAL KESTÄ°RMEK Ä°Ã‡Ä°N DUBAÄ°'DEN GELDÄ°!!? & COME FROM DUBAI TO CUT A BEARD WITH SCISSORS,2023-02-20T18:27:08Z,58867,996,0,Feb,23
6 YILLIK SAÃ‡LARI Ä°CARDÄ° MODELÄ°NE FEDA ETTÄ°!!? & HE GAVE UP 6 YEARS HAIR FOR ICARDI'S STYLE,2023-02-05T09:00:11Z,54669,1072,0,Feb,23
Bazen aÅŸkÄ±n olayÄ±m ğŸ˜³ğŸ’ˆ #icardi ğŸ¤©,2023-02-04T09:31:10Z,352328,6724,0,Feb,23
Bazen yapamazsÄ±n derler ğŸ˜³ğŸ’ˆ,2023-02-02T18:31:05Z,101572,3758,0,Feb,23
Bazen special ğŸ˜³ğŸ’ˆ,2023-01-30T20:23:00Z,128685,5348,0,Jan,23
Bazen havalÄ± girersin ğŸ˜³ğŸ’ˆ,2023-01-26T17:17:42Z,165582,5870,0,Jan,23
Bazen yanlÄ±ÅŸ anlarsÄ±n ğŸ˜³ğŸ’ˆ,2023-01-25T14:22:52Z,118548,4203,0,Jan,23
Bazen gÃ¶zlerini kaÃ§Ä±ramazsÄ±n ğŸ˜³ğŸ’ˆ,2023-01-24T15:00:16Z,153877,3166,0,Jan,23
Bazen uÃ§larÄ±ndan alÄ±rsÄ±n ğŸ˜³ğŸ’ˆ,2023-01-21T14:27:50Z,102176,1924,0,Jan,23
Bazen kÄ±yarsÄ±n ğŸ˜³ğŸ’ˆ,2022-12-26T19:01:54Z,170244,4621,0,Dec,22
Bazen yeni ÅŸubede ilk tÄ±raÅŸÄ± sen olursun ğŸ˜³ğŸ’ˆ,2022-12-22T14:25:10Z,113636,4354,0,Dec,22
Bazen yÃ¼rÃ¼meye devam edersin ğŸ˜³ğŸ’ˆ,2022-12-16T16:39:45Z,95531,3185,0,Dec,22
Bazen yola Ã§Ä±karsÄ±n ğŸ˜³ğŸ’ˆ,2022-12-13T15:10:56Z,98250,3644,0,Dec,22
Bazen 61ğŸ˜³ğŸ’ˆ,2022-12-07T16:44:59Z,8539112,226203,0,Dec,22
Bazen sinirleriyle oynarsÄ±n ğŸ˜³ğŸ’ˆ,2022-11-30T11:35:17Z,89316,2439,0,Nov,22
Bazen kendine bir yol Ã§izersin ğŸ˜³ğŸ’ˆ,2022-11-29T12:38:57Z,94037,1707,0,Nov,22
Bazen kendini tutamazsÄ±n ğŸ˜³ğŸ’ˆ,2022-11-28T13:55:32Z,92590,2557,0,Nov,22
KURT ADAMA DÃ–NÃœÅMEK ÃœZEREYKEN Ä°NSANA Ã‡EVÄ°RDÄ°K!!?,2022-11-20T09:00:32Z,28996,598,0,Nov,22
Bazen ters kÃ¶ÅŸe ğŸ˜³ğŸ’ˆ,2022-11-19T15:49:01Z,71543,2320,0,Nov,22
Bazen emek ister ğŸ˜³ğŸ’ˆ,2022-11-18T20:31:10Z,84496,2502,0,Nov,22
Bazen icardiiii ğŸ˜³ğŸ’ˆ,2022-11-17T15:37:52Z,60571,1324,0,Nov,22
"Ä°CARDÄ°NÄ°N HAYRANIYIM DEDÄ° ONU Ä°CARDÄ° YAPTIK! & HE WAS A ICARDI'S FAN, WE TURNED HIM ICARDI'S HIMSELF",2022-11-16T14:59:56Z,32998,562,0,Nov,22
Bazen gÃ¼zel olaylara doÄŸru yÃ¼rÃ¼rsÃ¼n ğŸ˜³ğŸ’ˆ,2022-11-15T13:59:36Z,68616,2809,0,Nov,22
Bazen sonrasÄ± ğŸ˜³ğŸ’ˆ,2022-11-14T15:44:13Z,40384,1458,0,Nov,22
Bazen tek derdin saÃ§ kestirmek olur ğŸ˜³ğŸ’ˆ,2022-11-12T15:48:37Z,129964,5580,0,Nov,22
KALEM SATAN GENÃ‡ HAZÄ°NE BULDU !? & YOUNG PEOPLE SELLING PENS FOUND TREASURE !,2022-11-11T15:30:11Z,20216,514,0,Nov,22
Bazen doÄŸrular da yanÄ±ltÄ±r ğŸ˜³ğŸ’ˆ,2022-11-11T14:05:17Z,96941,1636,0,Nov,22
Bazen deÄŸiÅŸim cesaret ister ğŸ˜³ğŸ’ˆ,2022-11-04T12:17:30Z,95601,2610,0,Nov,22
Bazen bÃ¼tÃ¼n tuÅŸlara basarsÄ±n ğŸ˜³ğŸ’ˆ,2022-11-02T15:23:32Z,63034,1488,0,Nov,22
SAÃ‡ SAKAL ESTETÄ°ÄÄ° YAPTIK!!? & WE DID HIM HAIR AND BEARD PLASTIC SURGERY,2022-10-28T16:52:20Z,24625,606,0,Oct,22
Bazen boyunda bÃ¼yÃ¼k kararlar alÄ±rsÄ±n ğŸ˜³ğŸ’ˆ,2022-10-26T16:38:31Z,82727,3294,0,Oct,22
HAMÄ°LE KARISINI KIRMADI VE SAÃ‡LARA VEDA ETTÄ°!!? & HE LISTEN TO HIS WIFE AND SAID GOODBYE TO HIS HAIR,2022-10-22T21:00:09Z,28299,621,0,Oct,22
Bazen gÃ¶zler anlatÄ±r ğŸ˜³ğŸ’ˆ,2022-10-21T15:30:02Z,64882,2832,0,Oct,22
"BU TIRAÅI YAPAN KÃ–R , YAPTIRAN DA AÅIK OLDU!!?",2022-10-18T15:24:32Z,13429,356,0,Oct,22
Bazen gerÃ§ek olduÄŸuna inanamazsÄ±n ğŸ˜³ğŸ’ˆ,2022-10-16T12:47:46Z,41751,1323,0,Oct,22
ADAMIN KAFAYA UZAYLI Ä°NDÄ°RDÄ°K!? & WE LANDED ON HIS HAD A ALIEN ?!,2022-10-12T15:00:12Z,13266,318,0,Oct,22
Bazen takÄ±lÄ±r kalÄ±rsÄ±n ğŸ˜³ğŸ’ˆ,2022-10-11T12:26:26Z,65862,1925,0,Oct,22
Bazen manzaraya karÅŸÄ± ğŸ˜³ğŸ’ˆ,2022-10-10T16:22:33Z,16355686,740187,0,Oct,22
Bazen Ã§eker bÄ±rakÄ±rsÄ±n ğŸ˜³ğŸ’ˆ,2022-10-08T10:10:51Z,39625,1145,0,Oct,22
BU SAÃ‡ MODELÄ°NÄ° FÃ–N Ã‡EKMEDEN KULLANAMAZSIN!! & WÄ°THOUT BLOW DRÄ°YÄ°NG YOU CAN'T USE THÄ°S HAÄ°RSTYLE,2022-10-05T14:09:34Z,16111,456,0,Oct,22
KENDÄ°NÄ° SALMIÅ BÄ°R Ã‡OCUÄA NEFES ALDIRDIK!!? & WE GET RID OF HIS MESSY LOOK!!,2022-10-02T09:00:06Z,15905,462,0,Oct,22
Bazen yÃ¶n verirsin ğŸ˜³ğŸ’ˆ,2022-09-30T09:13:35Z,98306,3891,0,Sep,22
Ã–LÃ‡TÃœK BÄ°Ã‡TÄ°K EN Ã‡ILGIN MODELÄ° TASARLADIK!! & WE DO IT CRAZIEST MODEL EVER,2022-09-28T16:07:44Z,121549,1550,0,Sep,22
Bazen saÃ§Ä±n altÄ±ndan ÅŸeytan Ã§Ä±kar ğŸ˜³ğŸ’ˆ,2022-09-27T19:37:05Z,70989,2883,0,Sep,22
Bazen kurtarÄ±rsÄ±n ğŸ˜³ğŸ’ˆ,2022-09-26T19:50:28Z,328408,8893,0,Sep,22
EVSÄ°Z AMCANIN Ã‡ATIDA TIRAÅI!!? (HAYALDÄ° GERÃ‡EK OLDU) & WE GAVE HOMELESS A HAIRCUT ON ROOFTOP,2022-09-25T09:00:03Z,108944,2182,0,Sep,22
Bazen ÅŸaÅŸÄ±rÄ±rsÄ±n ğŸ˜³ğŸ’ˆ,2022-09-24T20:00:27Z,64099,1509,0,Sep,22
Bazen babayÄ± genÃ§liÄŸine gÃ¶tÃ¼rÃ¼rsÃ¼n ğŸ˜³ğŸ’ˆ,2022-09-23T17:46:21Z,672747,16750,0,Sep,22
BEKLENMEDÄ°K BÄ°R ANDA SAÃ‡INI KESTÄ°RME KARARI ALDI!!? (UZUN SAÃ‡IN Ã–MRÃœ KISA SÃœRDÃœ),2022-09-22T15:12:18Z,25196,667,0,Sep,22
Bazen aradÄ±ÄŸÄ±n boyayÄ± bulursun ğŸ˜³ğŸ’ˆ,2022-09-20T17:10:34Z,54817,3282,0,Sep,22
SAÃ‡ININ ALTINDAN ÅEYTAN Ã‡IKTI!!? & HE HIDING A DEVIL UNDER HIS HAIR!,2022-09-18T09:00:24Z,17120,524,0,Sep,22
40 YILDIR BERBERÄ°M BÃ–YLE BÄ°R DEÄÄ°ÅÄ°M GÃ–RMEDÄ°M!?! & I HAVEN'T SEEN SUCH A CHANGE Ä°N 40 YEARS!!,2022-09-14T14:00:07Z,55828,1152,0,Sep,22
"BU SAÃ‡ BABAMI GENÃ‡LÄ°ÄÄ°NE GÃ–TÃœRDÃœ!!? (80LER, 90LAR) & THIS HAIRCUT TURN BACK OUR FATHER THE HIS YOUTH",2022-09-11T09:00:08Z,40090,874,0,Sep,22
Bazen denersin ğŸ˜³ğŸ’ˆ,2022-09-09T18:44:55Z,60253,2193,0,Sep,22
EKÄ°BÄ°MDEN EN GENÃ‡ KALFAYA TIRAÅ OLDUM!!? (DAHA 16 YAÅINDAA!!) & HE IS ONLY 16 YEARS OLD BARBER !!?,2022-09-07T15:27:01Z,114457,2070,0,Sep,22
BAZEN AÃ‡IM DAYIYI BULURSUN ğŸ˜³ğŸ’ˆ,2022-09-02T16:12:29Z,186521,7282,0,Sep,22
KADINLARIN BAYILDIÄI SAÃ‡ RENGÄ°NÄ° YAPTIK!! | WOMEN'S FAVORITE HAIR COLOR ON MEN !,2022-08-28T09:00:16Z,15176,529,0,Aug,22
KAFASI Ã‡OK KARIÅIKTI ARTIK DÃœM DÃœZ!! | CURLY HAIR? NO PROBLEM!,2022-08-24T15:00:08Z,13630,443,0,Aug,22
"ZATEN YAKIÅIKLIYDI DAHA YAKIÅIKLI OLDU!!? & HE WAS ALREADY HANDSOME, BECOME MORE HANDSOME / ASMRğŸ’ˆ",2022-08-21T11:06:34Z,18761,557,0,Aug,22
Bazen sulu ÅŸaka yaparsÄ±n ğŸ˜³ğŸ’ˆ,2022-08-20T14:26:05Z,72648,1756,0,Aug,22
BAZEN GERGÄ°N ğŸ˜³ğŸ’ˆ,2022-08-18T15:15:23Z,61563,1292,0,Aug,22
ASMRğŸ’ˆKOCA SAKAL TIRAÅA GELDÄ° ! | BIG BEARD IS HERE !,2022-08-17T15:03:48Z,41147,893,0,Aug,22
AÃ‡IM DAYININ HÄ°KAYESÄ°NÄ° Ã–ÄRENDÄ°K!!? & WE HOST THE HOMELESS MAN AND GIVE HIM A GOOD DAY,2022-08-14T11:00:13Z,116133,2795,0,Aug,22
MAÄARA ADAMINDAN CENTÄ°LMENE DÃ–NÃœÅÃœM ! | HOW TO CHANGE CAVEMAN TO GENTLEMAN ?,2022-08-10T15:00:21Z,23424,693,0,Aug,22
Bazen yaÅŸamadan bilemezsin ğŸ˜³ğŸ’ˆ,2022-08-08T08:34:54Z,65513,1673,0,Aug,22
ASMR ğŸ’ˆGELECEÄE YÃ–N VERECEK SAÃ‡ MODELÄ° (2049) | HAIRSTYLE THAT COME FROM THE FUTURE (2049),2022-08-07T09:00:29Z,36566,902,0,Aug,22
Bazen OlmasÄ± Gereken YapÄ±lÄ±rğŸ˜³ğŸ’ˆ #teambarberstown #barberstowntv #barberstown,2022-08-05T17:19:20Z,61310,2386,0,Aug,22
10 YILLIK SAÃ‡LARIN ALTINDAN NE Ã‡IKTI ? | WHAT IS HE HIDING HIS 10 YEARS OLD HAIRS?,2022-08-03T15:00:42Z,126860,1598,0,Aug,22
ASMR ğŸ’ˆSAÃ‡ TIRAÅI BÄ°R Ä°NSANI NE KADAR DEÄÄ°ÅTÄ°REBÄ°LÄ°R ? (Ä°NANILMAZ DEÄÄ°ÅÄ°M) | AMAZING CHANGE !,2022-07-31T09:00:01Z,35699,752,0,Jul,22
Bazen Before & After ğŸ˜³ğŸ’ˆ,2022-07-29T16:48:13Z,52553,1548,0,Jul,22
ASMRğŸ’ˆUZUN SAÃ‡LARINI KESTÄ°REREK HAYATININ HATASINI MI YAPTI ? | DID HE CHOOSE THE RIGHT DECISION ?,2022-07-27T15:00:11Z,82234,1550,0,Jul,22
Bazen sersemletir ğŸ˜³ğŸ’ˆ #teambarberstown #barberstowntv #barberstown,2022-07-23T15:55:27Z,60080,2644,0,Jul,22
Bazen OYUN oynarsÄ±n ğŸ˜³ğŸ’ˆ,2022-07-16T17:36:26Z,72565,3436,0,Jul,22
BÄ°RBÄ°RÄ°NE GÄ°RMÄ°Å SAÃ‡LARA NE MÄ° OLDU!!? & WHAT HAPPENED TO HIS HAÄ°R THAT WAS TANGLED LIKE THAT!!?,2022-07-10T09:00:21Z,119425,1733,0,Jul,22
Bazen ya bi deÄŸiÅŸiklik olsun bÄ±ktÄ±k ya ğŸ˜³ğŸ’ˆ #teambarberstown #barberstowntv #barberstown ğŸ‘ˆğŸ»,2022-07-06T16:29:17Z,62522,2476,0,Jul,22
ASMR BARBER ğŸ’ˆ10 YILLIK SAÃ‡LARINDAN VAZ MI GEÃ‡TÄ° ? | HAS HE GIVEN UP ON HIS 10 YEARS OLD HAIR ?,2022-07-03T09:00:12Z,99262,1998,0,Jul,22
HÄ°NT PRENSÄ°NÄ°N Ä°NANILMAZ DEÄÄ°ÅÄ°MÄ° | THE AMAZING CHANGE OF THE RAJA OF INDIA,2022-06-29T15:00:13Z,28534,763,0,Jun,22
Bazen uzatmaya gerek yok ğŸ˜³ğŸ’ˆ #teambarberstown #barberstown  #barberstowntv,2022-06-28T18:02:11Z,1857416,74970,0,Jun,22
Ä°LK ALMAN Ä°MPARATORU 1.WÄ°LHELM TIRAÅI | FIRST GERMAN KAISER I.WILHELM SHAVE,2022-06-26T09:00:30Z,37778,813,0,Jun,22
Bazen dublÃ¶r kullanÄ±rsÄ±nğŸ˜³ğŸ’ˆ #teambarberstown #barberstown #barberstowntv,2022-06-25T15:59:52Z,3674124,80600,0,Jun,22
Bazen tam istediÄŸin gibi ğŸ˜³ğŸ’ˆ#teambarberstown #barberstown #barberstowntv,2022-06-24T15:25:18Z,105197,3758,0,Jun,22
Bazen benzetirsin ğŸ˜³ğŸ’ˆ,2022-06-21T14:25:49Z,48100,2416,0,Jun,22
Bazen geride bÄ±rakÄ±rsÄ±n ğŸ˜³ğŸ’ˆ,2022-06-18T17:10:42Z,50571,2422,0,Jun,22
Bazen tÄ±raÅŸ uzun sÃ¼rerğŸ˜³ğŸ’ˆ,2022-06-17T14:25:15Z,64216,1455,0,Jun,22
BÄ°R GÃœNDE HAYAT NASIL DEÄÄ°ÅÄ°R! & HOW CAN YOU CHANGE HOMELESS MAN'S LÄ°FE IN A ONE DAY?,2022-06-15T15:00:06Z,57123,1996,0,Jun,22
Bazen tek atarsÄ±n ğŸ˜³ğŸ’ˆ,2022-06-13T18:05:53Z,27696935,520579,0,Jun,22
KAFASINDAKÄ° YARA Ä°ZÄ°NDEN KRAL YOLU YAPTIK | WE TURNED HIS SCAR TO PERSIAN ROYAL ROAD,2022-06-12T10:01:53Z,20660,579,0,Jun,22
Bazen dÃ¼nya boÅŸtur lo ğŸ˜³ğŸ’ˆ,2022-06-10T16:58:42Z,71138,1370,0,Jun,22
Bazen bunu yaÅŸarsÄ±n ğŸ˜³ğŸ’ˆ,2022-06-09T18:27:31Z,63008,1653,0,Jun,22
Bazen kalanlarda gider!ğŸ˜³ğŸ’ˆ,2022-06-07T14:36:08Z,93302,3396,0,Jun,22
Bazen kÃ¼Ã§Ã¼ÄŸÃ¼ bÃ¼yÃ¼k kesersin ğŸ˜³ğŸ’ˆ,2022-06-03T14:55:07Z,78031,3340,0,Jun,22
YÃœKSEK GEÃ‡Ä°Å TIRAÅI NASIL YAPILIR ğŸ’ˆ HOW TO DO A HIGH FADE,2022-06-01T15:00:03Z,29725,816,0,Jun,22
Bazen beklediÄŸine deÄŸer ğŸ˜³ğŸ’ˆ,2022-05-31T14:20:50Z,94361,4167,0,May,22
Bazen yaÅŸa deÄŸil icraata bakarsÄ±n ğŸ˜³ğŸ’ˆ,2022-05-26T17:11:24Z,79495,3399,0,May,22
EVSÄ°Z Ä°KÄ° KARDEÅ YILLAR SONRA BÄ°R ARADA ! | TWO HOMELESS BROTHERS ARE TOGETHER AGAIN AFTER YEARS,2022-05-25T16:02:17Z,57913,1640,0,May,22
Bazen Ã§ift Ã§izgi ğŸ˜³ğŸ’ˆ,2022-05-24T16:29:17Z,92692,2211,0,May,22
DÃœNYANIN EN UZUN BIYIK TASARIMI!! & THE WORLD'S LONGEST MUSTACHE DESÄ°GN,2022-05-22T09:00:25Z,49628,951,0,May,22
Bazen tercihin doÄŸru olur ğŸ˜³ğŸ’ˆ,2022-05-17T16:11:20Z,328285,10030,0,May,22
Bazen gidemezsin ğŸ˜³ğŸ’ˆ,2022-05-15T15:28:28Z,136626,6768,0,May,22
Bazen Spiderman ğŸ˜³ğŸ’ˆ,2022-05-14T12:40:33Z,70469,3892,0,May,22
Bazen derdine derman olursunğŸ˜³ğŸ’ˆ,2022-05-11T18:06:53Z,100447,5445,0,May,22
Bazen bunu yaÅŸarsÄ±n ğŸ¥ºğŸ’ˆ,2022-05-10T18:07:27Z,81400,3213,0,May,22
Bazen havalÄ± ğŸ˜³ğŸ’ˆ,2022-05-09T14:27:31Z,79353,4033,0,May,22
AÄDANIN KILLA Ä°MTÄ°HANI ! (ÅAÅIRTAN DEÄÄ°ÅÄ°M) | EVEN WAX DIDN'T HELP HIM ?! (AMAZING CHANGE),2022-05-08T09:00:04Z,147660,2551,0,May,22
Bazen iÅŸler kesattÄ±r ğŸ˜³ğŸ’ˆ,2022-05-07T17:26:44Z,68983,2249,0,May,22
Bazen gizem yÃ¼klersin ğŸ˜³ğŸ’ˆ,2022-05-05T15:44:57Z,95942,4017,0,May,22
Bazen paylaÅŸmaya kÄ±yamazsÄ±n ğŸ˜³ğŸ’ˆ,2022-05-03T14:31:04Z,361353,22160,0,May,22
SOKAK ADAMINA BAYRAM HEDÄ°YESÄ° (Ä°NANILMAZ DEÄÄ°ÅÄ°M) | HOLIDAY GIFT TO HOMELESS MAN (AMAZING CHANGE),2022-05-01T09:00:26Z,193302,4579,0,May,22
Bazen uzundan kÄ±saya ğŸ˜³ğŸ’ˆ,2022-04-30T15:22:07Z,256279,18577,0,Apr,22
Bazen karÄ±ÅŸtÄ±rÄ±rsÄ±n ğŸ˜³ğŸ’ˆ,2022-04-28T18:17:25Z,10165087,449430,0,Apr,22
Ä°NGÄ°LÄ°Z GEZGÄ°NÄ°N BERBER MOLASI (BUNA Ä°HTÄ°YACI VARDI) | BRITISH TRAVELER'S BARBER BREAK (NEEDED THIS),2022-04-27T15:21:23Z,73612,1115,0,Apr,22
SAÃ‡ RENGÄ°NE KENDÄ° BÄ°LE ÅAÅIRDI ! | EVEN HE WAS SURPRISED BY THE COLOR OF HAIR !,2022-04-24T09:00:24Z,45079,710,0,Apr,22
ZENGÄ°N Ä°Å ADAMININ MUHTEÅEM DEÄÄ°ÅÄ°MÄ° | THE MAGNIFICENT CHANGE OF A BUSINESSMAN,2022-04-20T15:00:27Z,94759,1301,0,Apr,22
Bazen boyanÄ±n doÄŸal durmasÄ±nÄ± istersinğŸ˜³ğŸ’ˆ,2022-04-18T16:26:25Z,169538,5803,0,Apr,22
JÄ°LET GÄ°BÄ° SAÃ‡LARINI TARAK GÄ°REMEZ HALE GETÄ°RDÄ°K | HOW TO MAKE A PERM ?,2022-04-17T09:30:04Z,73608,1032,0,Apr,22
Bazen deÄŸiÅŸiklik istersin ğŸ˜³ğŸ’ˆ,2022-04-14T15:46:28Z,23376850,1585267,0,Apr,22
ğŸ’ˆASMR BARBERğŸ’ˆ | 30 YILLIK MAKASLA TRAÅ | WE SHAVED HIM 30 YEARS OLD SCISSORS,2022-04-13T15:45:01Z,57234,868,0,Apr,22
Bazen baÄŸlarsÄ±n ğŸ˜³ğŸ’ˆ,2022-04-12T17:32:34Z,212192,11227,0,Apr,22
ğŸ’ˆASMR ğŸ’ˆEVSÄ°Z ADAMIN MANKENLERÄ° ARATMAYAN DÃ–NÃœÅÃœMÃœ |  HOMELESS MAN BECAME A MODEL AFTER THE SHAVE,2022-04-10T09:00:11Z,77010,1463,0,Apr,22
Bazen tek TÄ±raÅŸta 3 FarklÄ± Model Ã§Ä±kartÄ±rsÄ±n ğŸ˜³ğŸ’ˆ,2022-04-07T15:19:25Z,227840,10173,0,Apr,22
KIRMIZI TARAÄIN MUCÄ°ZESÄ° ! | THE MIRACLE OF THE RED COMB !,2022-04-06T16:00:11Z,43446,889,0,Apr,22
Bazen tÄ±raÅŸÄ± gÃ¶steren fÃ¶nÃ¼dÃ¼r ğŸ˜³ğŸ’ˆ,2022-04-04T22:31:48Z,153414,6617,0,Apr,22
DÃœNYADAKÄ° EN KIVIRCIK SAÃ‡I DÃœMDÃœZ YAPTIK ! | THE BIGGEST CURLY HAIR ON THE WORLD !,2022-04-03T09:00:17Z,169270,2178,0,Apr,22
Bazen ritime ayak uydurursun ğŸ˜³ğŸ’ˆ,2022-03-31T13:15:01Z,183778,5814,0,Mar,22
BAZEN ESKÄ° SAÃ‡LARINI YENÄ°LERSÄ°N | WE RENEWED HIS HAIRS,2022-03-30T15:00:12Z,34697,839,0,Mar,22
Bazen gerilirsin...ğŸ˜³ğŸ’ˆ,2022-03-29T17:14:32Z,2071000,26204,0,Mar,22
Bazen gÃ¼ncellersin ğŸ˜³ğŸ’ˆ,2022-03-27T19:43:18Z,1629264,95432,0,Mar,22
KAÄIT TOPLAYAN Ã‡OCUKLARIN Ä°NANILMAZ DEÄÄ°ÅÄ°MÄ° ! (Ã‡OK EÄLENDÄ°LER) | AMAZING CHANGE OF REFUGEE KIDS !,2022-03-25T15:00:00Z,222866,6194,0,Mar,22
ASMR BARBER | Ã‡IÄIRINDAN Ã‡IKMIÅ SAÃ‡LARI KONTROL ALTINA ALDIK! | WE TAKE UNDER CONTROL HIS MESSY HAIR,2022-03-23T15:00:01Z,135194,2015,0,Mar,22
Bazen platinâ€™e dÃ¼ÅŸersin ğŸ˜³ğŸ’ˆ,2022-03-21T10:49:51Z,5728350,303249,0,Mar,22
"ASMR BARBERğŸ’ˆ | Ã‡EKÄ°RDEK AÄ°LE BABASIYDI, MAFYA BABASI OLDU | HE WAS A FAMILY MAN, BECOME A GODFATHER",2022-03-20T09:00:18Z,2563009,27179,0,Mar,22
Bazen ne olduÄŸunu anlamazsÄ±n ğŸ˜³ğŸ’ˆ,2022-03-17T12:30:30Z,1178932,22609,0,Mar,22
BERBER KENDÄ°NDEN UZUN SAKAL GÃ–RÃœNCE DAYANAMADI ! | BARBER CAN'T RESIST THE LONG BEARD FROM HIS OWN !,2022-03-16T15:02:45Z,47468,808,0,Mar,22
PASLI KOYUN KIRKMA MAKASIYLA SAÃ‡ KESTÄ°K!! & WE SHAVED HAIR WITH RUSTY SHEARS FROM 1987 / ASMRğŸ’ˆ,2022-03-13T09:00:05Z,101206,1810,0,Mar,22
Bazen Podolski gÃ¶zÃ¼yle bakarsÄ±n ğŸ’ˆğŸ˜ @poldi_official,2022-03-11T19:04:07Z,354238,8760,0,Mar,22
ASMR BARBER | SAÃ‡LARIYLA Ä°LGÄ°LÄ° HÄ°Ã‡BÄ°R FÄ°KRÄ° YOKTU (SONUCUNA Ä°NANAMADI) ! | HE SHOCKED THE RESULT !,2022-03-09T15:08:04Z,285497,4136,0,Mar,22
"ğŸ’ˆ FIRÃ‡A BIYIKLIYDI, KAYTAN BIYIKLI OLDU | HE HAD BRUSH MOUSTACHE, TURNS OUT IMPERIAL MOUSTACHE ğŸ’ˆ",2022-03-06T09:00:01Z,39809,771,0,Mar,22
Bazen nostaljik kestirirsin ğŸ˜³ğŸ’ˆ,2022-03-04T15:44:57Z,543435,26367,0,Mar,22
ASMR BARBER | SAKALI'NIN ALTINDAN MADEN Ã‡IKTI ! (Ä°NANILMAZ DEÄÄ°ÅÄ°M) | OLD MAN'S INCREDIBLE CHANGE !,2022-03-03T15:00:16Z,2536774,7363,0,Mar,22
Bazen Ã§izdirirsin! ğŸ˜³ğŸ’ˆ,2022-03-03T06:44:21Z,191584,4904,0,Mar,22
Bazen yanlardan al Ã¼stler kalsÄ±n..!ğŸ˜³ğŸ’ˆ,2022-02-28T15:50:19Z,18466865,835096,0,Feb,22
Bazen ÅŸekil verirsin ğŸ˜³ğŸ’ˆ,2022-02-26T08:47:37Z,1983879,33156,0,Feb,22
ASMR | BAKIMSIZ SAÃ‡ SAKAL TEMÄ°ZÄ°LÄ°ÄÄ° (YEÅÄ°LÃ‡AM ARTÄ°STÄ° GÄ°BÄ° OLDU) HE BECAME A MOVIE STAR,2022-02-25T15:03:00Z,317640,4685,0,Feb,22
Ä°ÅŸitme Engelli KardeÅŸimize YoÄŸun BakÄ±m (YÃ¼zÃ¼nden Ã‡Ä±kanlara Ä°nanamayacaksÄ±nÄ±z) SKIN CARE FOR DEAF KID,2022-02-22T15:00:11Z,550919,6981,0,Feb,22
Bazen FÃ¶n Ã‡ekme Derdin Kalmaz ğŸ˜‰ğŸ’ˆ,2022-02-19T14:25:38Z,37911109,1857634,0,Feb,22
ASMR BARBER | DARMADAÄINDI TERTEMÄ°Z OLDU / HE HAD MESSY HAIR BEFORE THE SHAVE,2022-02-18T15:00:15Z,83160,1258,0,Feb,22
Bazen saÃ§larÄ±n kÄ±vrÄ±lÄ±r!!?,2022-02-12T21:20:31Z,48035848,2463588,0,Feb,22
CHANGE of SUICIDAL MAN'S COFFEE SHOP and HIMSELF!  -  Ä°NTÄ°HARIN EÅÄ°ÄÄ°NDEKÄ° ADAMIN DÃ–NÃœÅÃœMÃœ!,2022-02-09T20:00:17Z,28489,978,0,Feb,22
Bazen eÄŸlenceli kesersin!!,2022-02-05T15:16:34Z,134843,6999,0,Feb,22
Ã‡Ã–P KENARINDA EKMEK YÄ°YEN ADAMIN DÃ–NÃœÅÃœMÃœ & TRANSFORMATION OF THE MAN EATING BREAD BY THE WASTE SIDE,2022-01-26T14:00:33Z,1559735,27489,0,Jan,22
BU Ã‡OCUK Ã‡ILDIRMIÅ!! KENDÄ° SAÃ‡I ÃœZERÄ°NDE HERÅEYÄ° DENEDÄ°? & HE TRIED EVERYTHING ON HIS HAIR,2022-01-15T18:03:36Z,41664,860,0,Jan,22
SEYREK SAÃ‡LI DAYIMIZA SÄ°HÄ°RLÄ° BÄ°R DOKUNUÅ / RESMEN 20 YAÅ FARKETTÄ° & HAIR HAS INCREASED,2021-12-31T09:00:00Z,52452,1045,0,Dec,21
SOKAKLARIN BABASINI NOEL BABA YAPTIK!!? /Ã‡ocuklar Ã‡ok ÅaÅŸÄ±rdÄ±! & WE MADE THE STREET MAN SANTA FATHER,2021-12-29T09:00:14Z,241078,4215,0,Dec,21
HAYATINI Ã‡UVALA SIÄDIRAN ADAMIN BÃœYÃœK DEÄÄ°ÅÄ°MÄ°!!? (SAÃ‡LAR RESMEN KÃœF TUTMUÅ) & LIFE IN THE BAG,2021-12-20T09:00:13Z,6730101,84209,0,Dec,21
"SOKAK Ã‡OCUÄU GÄ°BÄ° GELDÄ° FUTBOLCU GÄ°BÄ° GÄ°TTÄ°!! & CAME LIKE A STREET CHILD, LEFT LIKE A FOOTBALLER",2021-12-09T20:30:00Z,439388,6378,0,Dec,21
SERT BAÅLAYAN TIRAÅ MUTLU SONLA BÄ°TTÄ°!! & SHAVE THAT STARTS HARD WITH A HAPPY END,2021-11-27T15:26:22Z,44852,861,0,Nov,21
KATERÄ°NA SAÃ‡LARIMA MAKAS ATTI!! & KATERINA CUT MY HAIRS,2021-11-19T16:20:01Z,183529,2487,0,Nov,21
EVSÄ°Z ADAM TIRAÅTAN SONRA Ä°TALYAN MANKENÄ° GÄ°BÄ° OLDU!! & HOMELESS MAN WAS LIKE ITALIANS AFTER SHAVING,2021-11-12T17:45:22Z,14112335,205675,0,Nov,21
BELARUSTAN GELEN KADIN Ã–ÄRENCÄ°MÄ°ZE EÄÄ°TÄ°M VERDÄ°K & WE PROVIDED TRAINING TO OUR STUDENT FROM BELARUS,2021-11-09T14:21:54Z,40492,720,0,Nov,21
SOKAK ADAMININ SAÃ‡INDAN Ã‡IKAN KÄ°R?? & THE MAN LIVING ON THE STREET CLEANED HAIR (ASMR),2021-10-29T22:48:56Z,56349,694,0,Oct,21
SAÃ‡LARINDAN Ã‡OK SIKILMIÅ BÄ°R HALDEYDÄ°!? (Manken Gibi Oldu) & HE WAS EXTREMELY BORED WITH HAIR!,2021-10-27T15:00:22Z,192222,2955,0,Oct,21
YAÅLI AMCA DÃœNYACA ÃœNLÃœ FUARDA MUHTEÅEM DEÄÄ°ÅÄ°MÄ°YLE SEYÄ°RCÄ°LERÄ° ÅOK ETTÄ°!!,2021-10-16T13:36:08Z,58052,1061,0,Oct,21
KILDAN YÃœZÃœ GÃ–ZÃœ GÃ–RÃœNMÃœYODU!!? (BURUN DELÄ°KLERÄ°NE DOLARLA AÄDA YAPTIK..),2021-09-22T17:30:19Z,535550,5010,0,Sep,21
SAÃ‡I SAKALI KONTROLDEN Ã‡IKMIÅ BÄ°R MÄ°SAFÄ°RE ACÄ°L MÃœDAHALEDE BULUNDUK!!?,2021-09-06T16:00:11Z,1329263,14238,0,Sep,21
THE TRANSFORMATION OF THE MAN WE TAKING FROM THE STREET INTO AN NBA PLAYER!! & SOKAKTAN NBA'YE ?,2021-08-29T10:00:19Z,63745,1305,0,Aug,21
SOKAKTAKÄ° HAYATLARIN DÃ–NÃœÅÃœMÃœ!!? 2 (TIRAÅ SAHNESÄ°),2021-08-24T16:00:16Z,56465,1093,0,Aug,21
"BU TIRAÅTAN SONRA ARABÄ°STANA UÃ‡TU!! & AFTER THIS SHAVE, HE FLY TO ARABIA",2021-08-19T21:00:03Z,75003,1313,0,Aug,21
YURT DIÅINDAN GELEN TURÄ°STÄ° TÃœRK TIRAÅI YAPTIK!! (BIYIKLAR 1 METRE),2021-08-16T19:17:32Z,75258,1059,0,Aug,21
SOKAKTAKÄ° HAYATLARIN DÃ–NÃœÅÃœMÃœ!!? 2 & LA TRANSFORMACIÃ“N DE VIDAS EN LA CALLE 2,2021-07-17T16:00:05Z,407644,10429,0,Jul,21
Ä°ÅÄ°TME ENGELLÄ° KARDEÅÄ°MÄ°ZÄ° SESSÄ°Z TIRAÅ ETTÄ°K!! & WE SHAVED OUR HEARING HANDICAPPED BROTHER SILENTLY,2021-07-12T15:33:33Z,68823,1351,0,Jul,21
DAÄDA Ã‡OBANLIK YAPAN ADAMIN LÃœKS DEÄÄ°ÅÄ°MÄ°!!?,2021-07-08T14:00:06Z,733897,8605,0,Jul,21
ğŸ’ˆASMRğŸ’ˆ BEARD SHAVING WITH A razor!! (TURKISH MASSAGE) & USTURAYLA SAKAL TIRAÅI!!?,2021-06-20T14:30:02Z,238973,2483,0,Jun,21
SAÃ‡IN YANLARINA 3 Ä°ÅLEM YAPTIK!!? (KESÄ°M-BOYA-Ã‡Ä°ZÄ°M) & We cut and dyed the sides of the hair,2021-05-09T12:27:01Z,227964,7136,0,May,21
BAZI HAYATLARA Ä°NCEDEN DOKUNMAK GEREKÄ°R!!? & Some lives must be touched!,2021-04-25T14:53:55Z,154912,3279,0,Apr,21
BÃ–YLE KAÅ RECEP Ä°VEDÄ°KTE BÄ°LE YOK!!? (KAÅLARI ALINCA GÃ–ZLER ORTAYA Ã‡IKTI..),2021-04-18T15:18:22Z,9386115,68093,0,Apr,21
SON ZAMANLARDA KENDÄ°SÄ°NÄ° HÄ°Ã‡ BÃ–YLE GÃ–RMEMÄ°Å!!?,2021-04-11T15:39:57Z,82696,1763,0,Apr,21
Ã‡OCUK ARABADA TIRAÅ OLURKEN SAÃ‡LARINI YEDÄ°!!?,2021-04-04T14:02:29Z,42497,832,0,Apr,21
CAMÄ° Ã–NÃœNDE MENDÄ°L SATAN AMCANIN YENÄ° STÄ°LÄ°!! & THE NEW STYLE OF THE MAN SELLING WIPES ON THE STREET,2021-03-28T19:00:10Z,4138365,38262,0,Mar,21
HARABEDE YAÅAYAN ADAMI YEÅÄ°LÃ‡AMA GÃ–NDERDÄ°KK!!?,2021-03-25T11:46:41Z,816174,13915,0,Mar,21
SOKAKTAKÄ° HAYATLARIN DÃ–NÃœÅÃœMÃœ!!? & LA TRANSFORMACIÃ“N DE VIDAS EN LA CALLE,2021-03-18T20:04:11Z,9716657,142628,0,Mar,21
BABASI Ä°STEMEDÄ° KENDÄ° Ä°STEDÄ°!! (Haylaz Ã‡ocuk TIRAÅI..),2021-02-28T09:58:56Z,131358,2140,0,Feb,21
Ã–NCEKÄ° HALÄ°YLE ARASINDA DAÄLAR KADAR FARK VAR!!?,2021-02-25T15:43:55Z,13639232,45104,0,Feb,21
Ä°ÅÄ°TME ENGELLÄ° Ä°NÅAATÃ‡I KARDEÅÄ°MÄ°ZÄ°N STÄ°LÄ°NÄ° YENÄ°LEDÄ°K & WE SHAVE OUR HEARING-IMPAIRED WORKER SISTER,2021-02-21T09:00:54Z,3801398,65031,0,Feb,21
SOKAKTA YAÅAYAN ADAMIN BÃœYÃœK DEÄÄ°ÅÄ°MÄ° 2 & GREAT CHANGE OF THE MAN LIVING IN THE STREET 2,2021-02-17T21:00:09Z,1511699,25029,0,Feb,21
TIRAÅ OLMADAN Ã–NCE BOYA ALÃ‡I Ä°ÅÄ° YAPIYORDU ÅÄ°MDÄ° DERGÄ° KAPAKLARINDAN Ä°NMÄ°YOR!!?,2021-02-13T11:52:20Z,474367,5340,0,Feb,21
TÃœRK NEYMARI BULDUK! KENDÄ°SÄ°NE AYNI SAÃ‡ SAKAL MODELÄ° TASARLADIK!? & TURKISH NEYMAR HAIR MODEL,2021-01-31T10:09:13Z,43255,841,0,Jan,21
TÃœRK KILLI ADAMIN YÃœZ TEMÄ°ZLÄ°ÄÄ° (RAHATLATICI) & HAIR IS OUT ON THE TURKISH MAN'S FACE (ASMR),2021-01-24T16:11:36Z,107576,1364,0,Jan,21
KIZ ARKADAÅI HÄ°Ã‡ ACIMADAN SAÃ‡INI SAKALINI KESTÄ°!!? & We cut my boyfriend's hair and beard!,2021-01-17T13:38:01Z,529719,4227,0,Jan,21
SAÃ‡A SAKALA UFAK DOKUNUÅLAR BÃœYÃœK Ä°ÅLER & SMALL TOUCHS TO THE HAIR BEARD GREAT WORKS,2021-01-06T15:10:38Z,65344,998,0,Jan,21
YÃœZ NAKLÄ° BÄ°LE BU KADAR DEÄÄ°ÅTÄ°REMEZDÄ°!!? & A MAN CANNOT CHANGE FACIAL TRANSPLANTATION THAT SO,2021-01-02T15:46:02Z,154625,1702,0,Jan,21
TIRAÅTA AÄLAMAYAN Ã‡OCUK MU OLUR!!? (Bu yaÅŸta Usturayla sakal tÄ±raÅŸÄ± oldu!),2020-12-20T19:16:58Z,44380,611,0,Dec,20
YÃœZÃœ DÃ–VMEDEN GÃ–ZÃœKMEYEN ADAMIN SAÃ‡LARINI BOYADIK VE KESTÄ°K!!? (EKÄ°P Ã‡ALIÅMASI),2020-12-12T19:59:42Z,26175,290,0,Dec,20
SAÃ‡LARDAN Ã–NÃœNÃœ GÃ–REMÄ°YORDU!!?,2020-12-05T17:19:31Z,357739,3441,0,Dec,20
Ä°NGÄ°LTEREDEN GELEN FENOMEN Ä°KÄ°Z KARDEÅLER AYNI ANDA AYNI SAÃ‡I KESTÄ°RDÄ°!!? | ( Ã‡izikli Model ),2020-11-29T19:25:09Z,13913,268,0,Nov,20
BERBER HASRETÄ°YLE YANIP TUTUÅAN ADAM!!? (Kendini TanÄ±yamayacak Hale GelmiÅŸti.),2020-11-26T18:46:59Z,783062,7220,0,Nov,20
Transforming to Kylian MbappÃ© / MbappÃ© Hair style . Kylian Mbappeâ€™ye dÃ¶nÃ¼ÅŸme / Mbappe SaÃ§ stili,2020-11-04T16:18:24Z,34282,472,0,Nov,20
JUNÄ°OR SERGÄ°O RAMOS !!?,2020-10-27T12:06:45Z,201753,1170,0,Oct,20
Bu KÄ±z Ã‡Ä±ldÄ±rmÄ±ÅŸ OlmalÄ± | SaÃ§larÄ±nÄ± KÄ±sa Kestirmek Ä°Ã§in AÄŸladÄ±!!?,2020-10-19T14:33:55Z,39513,439,0,Oct,20
"KadÄ±n SaÃ§Ä±na Ã–rgÃ¼ Ã‡alÄ±ÅŸmasÄ±!!? (YapÄ±m AÅŸamalarÄ± 1,2,3...)",2020-10-13T14:34:07Z,9814,152,0,Oct,20
Rasta AÄŸacÄ±nÄ± Soyduk!!?,2020-10-07T20:18:53Z,22586,259,0,Oct,20
Minik RamÃ§o Yeni SaÃ§larÄ±yla BÃ¼yÃ¼k Ä°ÅŸler PeÅŸinde!!?,2020-10-03T20:30:46Z,14569,311,0,Oct,20
Mucize DeÄŸiÅŸim 60â€™lÄ±k Moruk 30â€™luk Filinta Gibi DelikanlÄ± Oldu!!?,2020-09-22T16:12:10Z,387208,4043,0,Sep,20
Dilara KaÃ§maz EÅŸinin SaÃ§larÄ±nÄ± Kesti!!?,2020-09-17T16:59:36Z,95845,1213,0,Sep,20
Johnny Bravo SaÃ§ Modeli!! & Johnny Bravo Hairstyle,2020-09-15T16:01:06Z,49893,813,0,Sep,20
GÃ¼neÅŸ Gibi Bir SaÃ§ YaptÄ±k !!,2020-09-08T18:46:58Z,12989,139,0,Sep,20
ERKEK ADAM BOYA YAPTIRIR MI ?,2020-09-04T20:05:25Z,8443,168,0,Sep,20
"HIRSIZ GÄ°BÄ° GELDÄ° MANKEN GÄ°BÄ° GÄ°TTÄ°!! | Came like a thief, got out like a model",2020-08-11T20:26:43Z,140563,1922,0,Aug,20
6 AY BOYUNCA EVDEN Ã‡IKMAYAN ADAM NE HALE GELMÄ°Å!!? | HE HASNT GONE OUT FROM HOUSE FOR 6 MONTHS,2020-07-27T14:51:48Z,342140,3852,0,Jul,20
Ä°NGÄ°LTEREDEN GELEN MÄ°SAFÄ°RÄ°N SAÃ‡I KESTÄ°KÃ‡E ALTINDAN BÄ°RÅEYLER Ã‡IKIYO!!?,2020-07-25T11:39:17Z,19793,238,0,Jul,20
KAÅ ERKEÄÄ°N PÃœF NOKTASI!!?,2020-07-09T13:55:43Z,50952,243,0,Jul,20
KOKO FÄ°RÄ°YE KIÅKIRTMA! | SAÃ‡ Ã‡IKARTAN  KREM!,2020-07-08T13:20:34Z,105996,1973,0,Jul,20
ROCKÃ‡I GELDÄ° POPÃ‡U GÄ°TTÄ°!!?,2020-07-05T14:54:47Z,901083,9189,0,Jul,20
KENDÄ°NÄ° GÃ–RÃœNCE ADETA NUTKU TUTULDU!!?,2020-07-02T13:43:57Z,26458,436,0,Jul,20
BATMAN DAN GELEN MÃœÅTERÄ°YE TAS TIRAÅ MODELÄ° YAPMAK!!?,2020-06-30T12:48:11Z,105411,1252,0,Jun,20
HERÅEY DAHÄ°L | Ã–NCESÄ° ~ SONRASI | BEFORE ~ AFTER,2020-06-28T17:45:20Z,10959,171,0,Jun,20
Ã‡ILDIRDIK GECELÄ°KLE SAÃ‡ KESTÄ°K!!? & we cut hair with bathrobe,2020-06-26T15:13:44Z,10111,206,0,Jun,20
BÄ°LAL SONSES SAÃ‡LARIâ€™NIN YANLARINA VEDA ETTÄ°!!?,2020-06-24T15:32:33Z,39536,436,0,Jun,20
Ä°NSANLIKTAN Ã‡IKMIÅ HALDEYDÄ°!!? & OUT OF HUMANITY!!?,2020-06-23T17:33:18Z,20821,373,0,Jun,20
BU SAKALLARI KESEBÄ°LECEK BÄ°R SEN VARSIN DEDÄ°!!?,2020-06-22T11:03:30Z,574909,3896,0,Jun,20
DÃœNYANIN EN PAHALI USTURASI!? | (3999$ MÃœCEVHER DOLU) & DIAMOND FILLED RAZOR!?,2020-06-20T16:31:48Z,8676,151,0,Jun,20
BÄ°R SAÃ‡TA BU KADAR RENK GÃ–RÃœLMEDÄ°!? | HER ÅEY GÄ°DER RADÄ°CAL COLOR!!,2020-06-19T10:16:11Z,8265,175,0,Jun,20
NEREDEN NEREYE | NEYDÄ° NE OLDU!!,2020-06-12T16:37:26Z,17853,336,0,Jun,20
HÄ°NDÄ°STANâ€™DAN GELEN KARDEÅÄ°MÄ°Z BENÄ° DEÄÄ°ÅTÄ°R DEDÄ° | SONUÃ‡!!?,2020-06-08T10:29:26Z,111020,1770,0,Jun,20
DELÄ°KANLI TIRAÅI!!,2020-06-03T15:48:32Z,40316,602,0,Jun,20
DEÄÄ°ÅÄ°ME GELDÄ° VE DEÄÄ°ÅTÄ°!!? YAKARÄ°7 |,2020-06-01T16:18:43Z,19124,527,0,Jun,20
BULUNMAYAN PARLAMENT MAVÄ°SÄ°YLE SAÃ‡ BOYADIK!!?,2020-05-30T13:58:16Z,28078,648,0,May,20
EZGÄ°ZEMÄ°N SAÃ‡LARI BOYADIK!!,2020-05-29T15:23:21Z,23863,669,0,May,20
PERMATÄ°KLE SAÃ‡ SAKAL TEMÄ°ZLÄ°ÄÄ°!!?,2020-05-27T19:53:58Z,321355,3047,0,May,20
EVSÄ°Z ADAMIN MUHTEÅEM DEÄÄ°ÅÄ°MÄ°!! & THE AMAZING CHANGE OF THE HOMELESS MAN!!,2020-05-25T15:11:38Z,57372,871,0,May,20
TEK PARMAKLA SAÃ‡ KESEN ADAM & Hair cut with one finger!!,2020-05-23T15:44:34Z,63755,1156,0,May,20
JUSTÄ°N BÄ°EBER SAÃ‡ MODELÄ° & JUSTÄ°N BÄ°EBER HAIR STYLE,2020-05-21T12:17:22Z,49313,894,0,May,20
KARSLI OLDU TEXASLI!?,2020-05-19T11:42:24Z,43945,602,0,May,20
MARUL KAFAYLA BÄ°RLÄ°KTE Ä°SMAÄ°L AMCANIN SAÃ‡LARI KESTÄ°K!!?,2020-05-18T15:25:07Z,15172,347,0,May,20
SOKAKTA YAÅAYAN ADAMIN BÃœYÃœK DEÄÄ°ÅÄ°MÄ°!? & GREAT CHANGE OF THE MAN LIVING IN THE STREET!?,2020-05-17T13:01:27Z,1633524,34388,0,May,20
MASKELÄ° KESÄ°M Ã‡OK ZOR OLDU!! BU VÄ°RÃœS BÄ°ZÄ° NE HALE SOKTU!?,2020-05-14T14:56:39Z,24016,362,0,May,20
KARANTÄ°NADA KARDEÅÄ°MÄ° SAÃ‡ SAKAL TIRAÅ ETTÄ°M!!? (Sonunda SÃ¼priz Var),2020-04-24T17:57:01Z,59628,1015,0,Apr,20
En iyi berber videolarÄ± 2 & Best barber videos 2,2020-04-17T15:28:53Z,63514,581,0,Apr,20
best barber videos & en iyi berber videolarÄ±,2020-04-16T16:15:07Z,13721,207,0,Apr,20
Evde BabamÄ±n Pembe SaÃ§larÄ±nÄ± Jiletle KazÄ±dÄ±k!!?,2020-04-14T11:59:05Z,70467,886,0,Apr,20
EVDE BABAMIN SAÃ‡INI PEMBEYE BOYADIK!!?,2020-04-09T20:36:11Z,45674,586,0,Apr,20
Babama Evde Ä°p KullanmasÄ±nÄ± Ã–ÄŸrettim KaÅŸlarÄ±mÄ± AldÄ±!? #Evdekal,2020-04-06T12:47:51Z,14357,272,0,Apr,20
Sakallar Ä°Ã§in TaÅŸ KaÄŸÄ±t Makas OynadÄ±k!? & We Played Rock Paper Scissors For The Beards!?,2020-03-21T13:30:09Z,5272431,38532,0,Mar,20
Asena Veyselâ€™in SaÃ§larÄ±nÄ±n Ä°Ã§inden GeÃ§ti!!,2020-03-19T17:54:02Z,134201,2459,0,Mar,20
"OtobÃ¼s ÅofÃ¶rÃ¼ydÃ¼ 2 Ayda Berber YaptÄ±k!? (EÄŸitim) & He was a bus driver, we made a barber in 2 months",2020-03-08T21:11:00Z,25278,413,0,Mar,20
Makas Kesmedi Bizde Usturayla Kestik!!?,2020-03-04T12:25:34Z,40904,683,0,Mar,20
What Lies Under Big Hair!? & Koca SaÃ§larÄ±n AltÄ±nda Neler YatÄ±yor!!?,2020-02-27T10:22:42Z,23294,387,0,Feb,20
Berber MakasÄ± ASMR!!? & Barber Scissors ASMR!!?,2020-02-21T15:07:24Z,14083,97,0,Feb,20
Ceren YaldÄ±zâ€™Ä±n Ã‡ocukluk Hayali!!?,2020-02-20T12:30:10Z,11096,131,0,Feb,20
TECRÃœBE ABÄ°DESÄ° KADIN SAÃ‡LARIMA PERMA YAPIYOR!!,2020-02-19T11:24:17Z,11276,186,0,Feb,20
DÃ¼nyaâ€™nÄ±n En HÄ±zlÄ± TraÅŸÄ±!!? (15 Dakika 45 Saniyede Kesti) & World's Fastest Shave!!?,2020-02-09T10:59:54Z,13986,191,0,Feb,20
AdamÄ± Sokaktan AlÄ±p Yeni Ä°maj TasarladÄ±k & We took the man from the street and designed a new image,2020-02-07T13:24:27Z,296057,2819,0,Feb,20
BOL SARIMSAKLI Ä°ÅKEMBE Ã‡ORBASI Ä°Ã‡Ä°P TRAÅ ETTÄ°K!!? (Komik Tepkiler..),2020-01-31T15:00:04Z,30067,433,0,Jan,20
Delikli Bone Ä°le SaÃ§ Boyama!!?,2020-01-30T17:47:57Z,17225,133,0,Jan,20
YanlarÄ± Al Ãœstler KalsÄ±n SaÃ§ Modeli!!?,2020-01-27T15:32:08Z,25095,191,0,Jan,20
LACASA DE PAPEL TOKYO SAÃ‡ MODELÄ°!!?,2020-01-25T18:44:49Z,16029,188,0,Jan,20
PÄ±rasa Gibi Geldi Marul Gibi Ã‡Ä±ktÄ±!!?,2020-01-23T09:47:37Z,10345,106,0,Jan,20
10 Dakikada 2 YÄ±llÄ±k SaÃ§a Perma YaptÄ±k!!?,2020-01-22T17:33:13Z,14004,162,0,Jan,20
Uzun SaÃ§lardan SÄ±kÄ±ldÄ± Ve Kestirdi!!? (Sonu acayip oldu.),2020-01-21T17:44:27Z,392472,3521,0,Jan,20
AÅIRI RAHATLATICI SAÃ‡ KIZARTMA VE KESÄ°M!!?,2020-01-19T18:15:23Z,89479,1706,0,Jan,20
Bu SaÃ§Ä± YaptÄ±rdÄ±ktan Sonra Yurt DÄ±ÅŸÄ±na KaÃ§tÄ±!!?,2020-01-16T11:30:32Z,23143,355,0,Jan,20
Dilara KaÃ§maz and Asena KÄ±zÄ±larslan DÃ¼ello!!?(birbirini yaktÄ±lar),2020-01-14T11:15:00Z,159182,932,0,Jan,20
KadÄ±n Gibi Geldi Erkek Gibi Gitti!!?,2020-01-08T09:39:39Z,115841,938,0,Jan,20
SaÃ§larÄ± Gri YaptÄ±k ÃœstÃ¼de Rengarenk Oldu!!?,2020-01-05T13:01:28Z,10385,121,0,Jan,20
Yeni TarzÄ±nÄ± GÃ¶rÃ¼nce Ã‡ok Mutlu Oldu!!?,2020-01-04T09:56:36Z,128700,1295,0,Jan,20
YÃ¼zÃ¼ne AÄŸda Yaparken Derisi KalktÄ±!!?,2019-12-29T16:51:09Z,3000256,33782,0,Dec,19
2020 YÄ±lÄ±nÄ±n En YakÄ±ÅŸÄ±klÄ± Modeli Ãœzerinde EÄŸitim!!?,2019-12-27T15:43:57Z,418781,4465,0,Dec,19
Aile Boyu DeÄŸiÅŸim!!?,2019-12-24T20:21:51Z,21826,293,0,Dec,19
DÃ¼nya GÃ¼zelinin KulaklarÄ± Temiz Ã‡Ä±ktÄ±!?,2019-12-23T14:52:46Z,13551,135,0,Dec,19
ParayÄ± Ã–deyemedi Bizde SaÃ§larÄ±nÄ± AldÄ±k!!? (Sad Ending One),2019-12-22T15:59:29Z,26322,501,0,Dec,19
Bu SaÃ§lara BabasÄ± Ne Dedi!!?,2019-12-19T18:06:02Z,83589,1122,0,Dec,19
HavuÃ§ Kafa Bonus Kafa Oldu!?,2019-12-13T13:53:19Z,1136674,11141,0,Dec,19
Dev Gibi SaÃ§lar CÃ¼ce Gibi KaldÄ±!?,2019-12-10T12:39:49Z,282834,2629,0,Dec,19
Olmayan SaÃ§larÄ±nÄ± Zorla Kestirdi!?,2019-12-08T13:17:23Z,168293,1692,0,Dec,19
Kel Geldi SaÃ§lÄ± Gitti!?,2019-12-06T18:48:00Z,414435,5129,0,Dec,19
Bedelli AskerliÄŸe Bedelini Ã–deyip Gitti!?,2019-12-05T18:02:54Z,242289,2151,0,Dec,19
Siyahi Adam Beyaz Oldu!?,2019-11-29T16:16:15Z,7560,178,0,Nov,19
Bu SaÃ§larÄ± Elinden AldÄ±k!?,2019-11-25T12:34:50Z,26650,304,0,Nov,19
Minik AdamÄ±n AltÄ±nda Modellik YatÄ±yormuÅŸ!?,2019-11-20T12:21:02Z,20132,323,0,Nov,19
KÃ¼Ã§Ã¼k Kalpler de BÃ¼yÃ¼k Mutluluk!?,2019-11-16T18:21:37Z,15856,309,0,Nov,19
Bu Kesim Ä°Ã§in Brezilya dan Ã‡Ä±kÄ±p GelmiÅŸ!!?,2019-11-12T11:12:32Z,6480940,59412,0,Nov,19
6 YÄ±llÄ±k SaÃ§lar Gitti!!,2019-11-06T12:52:01Z,9500,72,0,Nov,19
Ezgizem YardÄ±m Ä°stedi Bizde KoÅŸtuk KurtardÄ±k!,2019-11-04T10:58:55Z,24652,337,0,Nov,19
Sakallar YarÄ±ÅŸÄ±yor!?,2019-11-03T12:38:16Z,41067,521,0,Nov,19
Before & After 2,2019-11-01T15:05:25Z,14789,252,0,Nov,19
GerÃ§ek Ã–rÃ¼mcek Wax NasÄ±l YapÄ±lÄ±r!?,2019-10-24T15:02:47Z,21090,283,0,Oct,19
Barber DÃ¼ello VOL2,2019-10-17T15:35:33Z,13655,270,0,Oct,19
Barber DÃ¼ello VOL1,2019-10-08T16:00:01Z,8039,147,0,Oct,19
Sakallar Rengarenk Oldu!?,2019-09-22T11:23:01Z,806651,8495,0,Sep,19
Son Hali ÅaÅŸÄ±rtÄ±cÄ±!?,2019-09-19T15:32:11Z,15184,136,0,Sep,19
Asmr batÄ±k ve NasÄ±r temizleme !!,2019-09-02T13:40:30Z,125648,195,0,Sep,19
Fenomenlerin kuafÃ¶rÃ¼ kim ??,2019-08-29T12:39:22Z,20091,265,0,Aug,19
Avrupai SaÃ§ Kesimi!?,2019-08-20T19:48:43Z,10007,130,0,Aug,19
BoyalÄ± SaÃ§lar NasÄ±l YÄ±kanmalÄ±dÄ±r Ve NasÄ±l Åekillendirilir?!,2019-08-05T14:18:13Z,12350,171,0,Aug,19
Erkek Berberinde Aranan Extra Hizmetler & Men's Barber Services,2019-08-01T17:16:41Z,6181,46,0,Aug,19
KÄ±vÄ±rcÄ±k DalgalÄ± Ve Uzun SaÃ§Ä± Kestik!,2019-07-31T10:32:40Z,233431,1666,0,Jul,19
BabamÄ±n 1 YÄ±llÄ±k SaÃ§Ä±nÄ± SakalÄ±nÄ± Kestik!!?,2019-07-22T15:04:57Z,3338586,26086,0,Jul,19
Bir GÃ¼nde 3420TL NasÄ±l KazandÄ±k!?,2019-07-18T11:52:50Z,13635,246,0,Jul,19
ASMR KULAK TEMÄ°ZLEME EAR CLEANÄ°NG,2019-05-29T11:47:26Z,179685,5310,0,May,19
Havuz BaÅŸÄ±nda 10 Bin DolarlÄ±k TÄ±raÅŸ !!,2019-05-21T14:06:27Z,12631,162,0,May,19
ASMR ATEÅLE OYNUYOR !!,2019-05-19T07:56:24Z,110540,3176,0,May,19
SaÃ§lar Ã§ok iyi oldu !!,2019-04-19T11:44:56Z,102872,3516,0,Apr,19
ASMR HEAD MASSAGE BARBER,2019-04-12T12:19:16Z,11414,119,0,Apr,19
SÃ–Z VERDÄ°K TUTTUK !!,2019-04-02T14:05:42Z,1543360,44577,0,Apr,19
MÃœKEMMEL SONUÃ‡ !!?,2019-03-15T20:42:46Z,100752,3483,0,Mar,19
ADAMIN BURNUNDAN Ã‡IKANLARA BAKIN !!?,2019-03-06T07:47:02Z,99503,2480,0,Mar,19
YAÅLI AMCANIN MÃœKEMMEL DEÄÄ°ÅÄ°MÄ°,2019-02-28T12:01:38Z,8483,97,0,Feb,19
ESKÄ° MAKÄ°NE Ä°LE MÃœKEMMEL BÄ°R Ã‡ALIÅMA,2019-02-23T06:36:31Z,119128,2547,0,Feb,19
DÃœNYANIN EN Ã‡OK BÄ°LÄ°NEN BERBERÄ° BARBERSTOWN FOX TV,2019-02-22T18:49:59Z,8257,132,0,Feb,19
USTA KIZ Ã‡IRAÄINA NELER YAPTI !!,2018-11-05T16:00:02Z,20949,188,0,Nov,18
Rulo ile SaÃ§ BoyadÄ±k!!?,2018-10-25T16:41:32Z,80978,2306,0,Oct,18
Enes Batur Alev AldÄ±!?,2018-09-09T10:58:12Z,26115,231,0,Sep,18
ADAMA NELER OLDU NELER,2018-08-28T11:59:43Z,88300,2265,0,Aug,18
KÃ–FTECÄ° DEDE NELER Ä°STEDÄ°,2018-08-14T13:28:08Z,101028,3063,0,Aug,18
BARBER TATTO DÃ–VMELÄ° ADAM TIRAÅ OLUYOR,2018-08-11T11:14:07Z,17467,101,0,Aug,18
KÄ°MLER GRÄ° BOYA Ä°STÄ°YOR!??,2018-07-22T19:26:26Z,14455,138,0,Jul,18
SAÃ‡I YANAN BAYANI KURTARDIK!!,2018-07-14T10:01:17Z,104643,795,0,Jul,18
ÃœnlÃ¼ Model Kesim!?,2018-07-09T12:07:47Z,30345,325,0,Jul,18
Bebe Bir TraÅŸla KaÃ§ YaÅŸ BÃ¼yÃ¼dÃ¼!!?,2018-07-07T10:33:36Z,47026,632,0,Jul,18
En Rahat KullanÄ±lan SaÃ§!!?,2018-06-25T17:08:57Z,32014,289,0,Jun,18
TÃ¼rkiyeyi Trolliyen Ã‡ocuÄŸun Ã‡Ä±lgÄ±n DeÄŸiÅŸimi!!?,2018-06-11T16:23:20Z,93275,2934,0,Jun,18
Ramazan Davulcusu KÄ±zÄ±nÄ± VerirmiÅŸ!?,2018-06-05T16:10:29Z,26091,232,0,Jun,18
PazarcÄ± Mariano Di Vaio Oldu!!,2018-05-30T15:17:31Z,50314,392,0,May,18
HerÅŸey Para DeÄŸil!?,2018-05-29T15:08:02Z,23486,335,0,May,18
Yeni! (Gri Wax) Denedim?!,2018-05-28T09:04:06Z,40910,316,0,May,18
Ragnar Lothbrok Hair Style!!?,2018-05-24T14:26:24Z,1579778,20193,0,May,18
AÄDA ADAMI DOMATES GÄ°BÄ° KIZARTTI!!,2018-05-16T17:03:19Z,137179,869,0,May,18
Tek KurÅŸun Tik Tak,2018-05-05T16:23:21Z,81872,1585,0,May,18
Her ErkeÄŸin AradÄ±ÄŸÄ± Boya,2018-04-28T16:14:17Z,29132361,1315880,0,Apr,18
Adam YÄ±llar Sonra YÃ¼z Nakli Oldu!?,2018-04-14T15:26:58Z,160363,545,0,Apr,18
En DoÄŸru Karar?,2018-04-09T15:45:56Z,139338,607,0,Apr,18
BERBERE GÄ°DERKEN Ã–LÃœYORDU!!,2018-04-08T16:56:51Z,21225,285,0,Apr,18
Ya Ben Size Gurban Olurum!,2018-03-31T09:27:44Z,12296,173,0,Mar,18
DÃœN KÃœNEFECÄ°YDÄ° BUGÃœN MANKEN OLDU!!,2018-03-22T15:48:18Z,468960,4034,0,Mar,18
ERKEK BERBERÄ°NE KADIN GELÄ°RSE NE OLUR?,2018-03-20T15:42:04Z,36212,236,0,Mar,18
Ã‡iftliÄŸi Ben Soydum !,2018-03-17T15:07:42Z,68965,1674,0,Mar,18
HEP AYNI MODELLERDEN SIKILDIK !!,2018-03-16T13:45:44Z,67569,486,0,Mar,18
KaÅŸlarÄ± BoyadÄ± Neler Oldu,2018-03-11T16:38:22Z,287499,3950,0,Mar,18
Uzun SaÃ§lardan SÄ±kÄ±ldÄ±m! DiyorsanÄ±z Kendinizi GÃ¼venilir Ellere BÄ±rakÄ±n,2018-03-07T11:59:32Z,37091,200,0,Mar,18
Ronaldo SaÃ§ Modeli & Ronaldo Hair Model,2018-03-06T19:05:17Z,24597,129,0,Mar,18
Ã‡orumlu Amir Berberde Neler YaÅŸadÄ±,2018-02-28T13:48:01Z,930045,5485,0,Feb,18
Mihriban (Ã‡ukur),2018-02-20T14:51:21Z,7434,83,0,Feb,18
Kendi SaÃ§larÄ±mÄ± BoyadÄ±m!! (EÄŸitici),2018-02-18T14:35:19Z,12839,117,0,Feb,18
Alex Telles SaÃ§ Modeli & Alex Telles Hair Model,2018-02-16T17:21:39Z,57848,1272,0,Feb,18
Sokaktaki VatandaÅŸlarÄ± KÄ±ÅŸkÄ±rttÄ±k SaÃ§larÄ± Kestirdik !!!,2018-02-06T19:04:47Z,9284,172,0,Feb,18
Berberin makasÄ±nÄ± yere dÃ¼ÅŸÃ¼rÃ¼nce MÃ¼ÅŸteriâ€™nin baÅŸÄ±na neler geldi izleyin ve gÃ¶rÃ¼n,2018-02-02T15:40:03Z,22030,180,0,Feb,18
Ä°ki Usta Elin BirleÅŸmesi SaÃ§ Renklendirme Kesim DÃ¼nya SÄ±ralamasÄ±na Girer,2018-01-31T17:46:49Z,32214,184,0,Jan,18
AcÄ± Ã‡ekmek YaÅŸam TarzÄ±,2018-01-28T10:08:14Z,266249,1930,0,Jan,18
BÃ¶yle Kavga GÃ¶rÃ¼lmedi,2018-01-26T15:51:22Z,53407,1335,0,Jan,18
10 YaÅŸÄ±nda SakallarÄ± Jiletle Kestiriyor,2018-01-26T09:33:46Z,139260,2056,0,Jan,18
Kendi Kendini Vurdu,2018-01-25T13:48:47Z,79769,1263,0,Jan,18
Before & After,2018-01-16T14:29:06Z,3888590,12960,0,Jan,18
En KullanÄ±ÅŸlÄ± SaÃ§ Modeli,2018-01-14T17:17:17Z,16248,116,0,Jan,18
YanÄ±yorsun Fuat Abi (brazilya fÃ¶nÃ¼),2018-01-13T15:40:02Z,58531,878,0,Jan,18
4 YÄ±llÄ±k UzattÄ±ÄŸÄ± SaÃ§lar Gitti,2018-01-12T15:22:55Z,166438,545,0,Jan,18
Koca Bebek HÃ¼ngÃ¼r HÃ¼ngÃ¼r AÄŸladÄ±,2018-01-09T15:29:12Z,43487,309,0,Jan,18
Korktun Mu?,2018-01-06T16:00:15Z,97355,1695,0,Jan,18
Haylaz Bebe,2018-01-02T17:20:52Z,24311,272,0,Jan,18
40 YÄ±ldÄ±r MaÄŸarada YaÅŸayan Adam,2018-01-01T16:40:54Z,3131800,6738,0,Jan,18
Marul Ve BabasÄ±â€™nÄ±n En Komik AnlarÄ± Barberstownâ€™da,2017-12-31T10:14:48Z,92363,547,0,Dec,17
SÄ±fÄ±r Bir,2017-12-28T15:47:17Z,32693,157,0,Dec,17
Atsan AtÄ±lmaz Satsan SatÄ±lmaz,2017-12-27T17:39:52Z,44989,805,0,Dec,17
Sizin AÃ§Ä±k GÃ¶zle YapamadÄ±ÄŸÄ±nÄ±zÄ± Adam GÃ¶zÃ¼ KapalÄ± YapÄ±yor,2017-12-25T18:04:32Z,36639,231,0,Dec,17
Eskiyi Getir Yeniyi GÃ¶tÃ¼r,2017-12-23T14:52:25Z,488778,1819,0,Dec,17
Ã‡aÄŸatay Ulusoy SaÃ§ Modeli (iÃ§erde dizisi),2017-12-22T15:01:20Z,222994,2652,0,Dec,17
Dev Ustura Ä°le Sakal Kestik Olay Oldu,2017-12-21T13:31:44Z,54296,794,0,Dec,17
Bu Bir Mucize DeÄŸil Yetenek,2017-12-20T16:29:25Z,835620,2260,0,Dec,17
KardeÅŸ Bizi Ä°nternete Falan KoymucanÄ±z Demi La,2017-12-20T10:50:30Z,87093,814,0,Dec,17
YattÄ± YatÄ±rdÄ± DÃ¼ÅŸtÃ¼ KalktÄ± Kesti,2017-12-19T15:34:52Z,17820,152,0,Dec,17
SaÃ§lara Beyaz Show,2017-12-16T15:11:15Z,58145,263,0,Dec,17
AdamÄ±n SaÃ§Ä± YaktÄ±k Olay Oldu,2017-12-12T15:12:11Z,220634,664,0,Dec,17
GelmiÅŸ geÃ§miÅŸ en ilginÃ§ en kaliteli kuafÃ¶r & The most interesting top quality barber ever,2017-12-10T14:21:01Z,116921,479,0,Dec,17
Neydi ne oldu ?,2017-12-06T17:47:37Z,128556,3246,0,Dec,17
MeriÃ§ Ä°zgi erkek Ã§ocuÄŸunu ilk defa Barberstowna traÅŸa getirdi,2017-12-02T15:44:21Z,47727,224,0,Dec,17
YanlarÄ± al Ã¼stler kalsÄ±n,2017-12-01T15:58:54Z,272795,5333,0,Dec,17
Son 100 yÄ±lÄ±n deÄŸiÅŸimi &  The last 100 years of change,2017-11-29T15:48:54Z,217144,754,0,Nov,17
0 dan iz kaybetme & Lose track from 0,2017-11-28T15:18:01Z,109532,1250,0,Nov,17
Omre hair men uzun saÃ§lÄ± erkek saÃ§Ä±na yoÄŸun krepe ve omre dÃ¼z fon,2017-11-26T11:59:18Z,39935,174,0,Nov,17
AÄŸaÃ§ Motoru Ä°le Sakal Kesti & Cutting beard with saw,2017-11-18T09:23:06Z,29737,541,0,Nov,17
GÃ¶z AkÄ±mÄ± BaÅŸladÄ± Ve Barberstown Bunu SaÃ§ Kesimi Ä°le BirleÅŸtirdi !!,2017-11-15T12:01:09Z,61510,240,0,Nov,17
Adam Bir Anda SaÃ§Ä±nÄ± Usturaya Vurdurdu,2017-11-13T09:42:19Z,525805,1166,0,Nov,17
Eminem SaÃ§ Modeli Ä°stedi Bizde YaptÄ±k & Eminem Hair Model Wanted,2017-11-09T14:50:52Z,114445,427,0,Nov,17
Can YÃ¼ceâ€™nin KuafÃ¶rÃ¼ Kim ?,2017-11-05T14:46:13Z,53971,877,0,Nov,17
KaÅŸ NasÄ±l AlÄ±nÄ±r,2017-11-04T11:17:47Z,190270,459,0,Nov,17
KÄ±sa SaÃ§a NasÄ±l FÃ¶n Ã‡ekilir & How to Draw Short Hair,2017-11-02T15:45:31Z,278567,1798,0,Nov,17
CadÄ±lar BayramÄ±nda Korku TemalÄ± SaÃ§ Kesimi & Horror-themed Haircut on Halloween,2017-10-31T16:46:56Z,4551,75,0,Oct,17
PÄ±rasa KafaydÄ± Burak Ã–zcivit Oldu Ã‡Ä±ktÄ±,2017-10-31T10:41:27Z,1052250,3772,0,Oct,17
Bu SaÃ§ Kesimi Ã‡ok BeÄŸenildi & This haircut is very popular,2017-10-30T10:06:16Z,86042,461,0,Oct,17
Uzun SaÃ§Ä±n AralarÄ±na Delikli Boneyle Boya yaptÄ±k,2017-10-18T17:29:54Z,455256,1080,0,Oct,17
En Ä°yi KÄ±sa SaÃ§ Modeli & Best short hairstyle,2017-10-17T16:47:37Z,152688,457,0,Oct,17
ZÄ°RVEDE SAÃ‡ KESTÄ° & HIGH HAIR CUTTING,2017-10-11T16:05:23Z,2661,42,0,Oct,17
DalgalÄ± Ve KÄ±vÄ±rcÄ±k SaÃ§lara Tarak Kullanmadan DÃ¼zleÅŸtirip Åekillendiriyor,2017-09-14T16:20:18Z,487725,4415,0,Sep,17
Marul Kafa Ne Ä°ÅŸ Yapar ?,2017-09-07T15:13:16Z,755366,6731,0,Sep,17
DÃœNYA'NIN EN TATLI BEBEÄÄ° SAÃ‡LARINI KESTÄ°RÄ°YOR & BABY HAÄ°RCUT,2017-09-05T17:51:36Z,638043,5828,0,Sep,17
Ä°kizler SaÃ§ Kesimi & Twins haircut,2017-08-26T09:03:20Z,215400,830,0,Aug,17
MeriÃ§ Ä°zgi'nin KuafÃ¶rÃ¼ Kim & Who is the hairdresser of MeriÃ§ Ä°zgi,2017-08-12T17:36:08Z,654531,2000,0,Aug,17
11 yaÅŸÄ±ndaki Ã§ocuk bakÄ±n neler yapÄ±yo gri saÃ§ boyuyor,2017-05-23T18:19:32Z,169287,790,0,May,17
SaÃ§a fÃ¶n nasÄ±l Ã§ekilir,2017-05-16T19:12:45Z,49088,334,0,May,17
Erkek SaÃ§Ä±na Gri boya nasÄ±l yapÄ±lÄ±r,2017-04-22T13:00:22Z,40459,804,0,Apr,17
